<?xml version="1.0" encoding="UTF-8"?>
<project-private xmlns="http://www.netbeans.org/ns/project-private/1">
    <editor-bookmarks xmlns="http://www.netbeans.org/ns/editor-bookmarks/2" lastBookmarkId="0"/>
    <open-files xmlns="http://www.netbeans.org/ns/projectui-open-files/2">
        <group>
            <file>file:/home/chr97lubuntu/Descargas/Inventario2-master/Inventario2./src/inventario2/resultados.java</file>
            <file>file:/home/chr97lubuntu/Descargas/Inventario2-master/Inventario2./src/inventario2/datosbalance.java</file>
            <file>file:/home/chr97lubuntu/Descargas/Inventario2-master/Inventario2./src/inventario2/er.java</file>
            <file>file:/home/chr97lubuntu/Descargas/Inventario2-master/Inventario2./src/inventario2/planilla.java</file>
            <file>file:/home/chr97lubuntu/Descargas/Inventario2-master/Inventario2./src/inventario2/vfin.java</file>
            <file>file:/home/chr97lubuntu/Descargas/Inventario2-master/Inventario2./src/inventario2/rh.java</file>
            <file>file:/home/chr97lubuntu/Descargas/Inventario2-master/Inventario2./src/inventario2/agregaremple.java</file>
        </group>
    </open-files>
</project-private>
